{
  "00010  Glycolysis / Gluconeogenesis": {
    "mean_mcc": 0.7521514556232698,
    "size": 43
  },
  "00020  Citrate cycle (TCA cycle)": {
    "mean_mcc": 0.7736618071841687,
    "size": 42
  },
  "00030  Pentose phosphate pathway": {
    "mean_mcc": 0.5801059320016231,
    "size": 65
  },
  "00040  Pentose and glucuronate interconversions": {
    "mean_mcc": 0.5896851476187487,
    "size": 69
  },
  "00051  Fructose and mannose metabolism": {
    "mean_mcc": 0.5425171605375683,
    "size": 71
  },
  "00052  Galactose metabolism": {
    "mean_mcc": 0.578369297572232,
    "size": 64
  },
  "00053  Ascorbate and aldarate metabolism": {
    "mean_mcc": 0.5480372306228637,
    "size": 71
  },
  "00061  Fatty acid biosynthesis": {
    "mean_mcc": 0.5857307522987999,
    "size": 23
  },
  "00062  Fatty acid elongation": {
    "mean_mcc": 0.6824945492484339,
    "size": 39
  },
  "00071  Fatty acid degradation": {
    "mean_mcc": 0.6439211962872025,
    "size": 51
  },
  "00073  Cutin, suberine and wax biosynthesis": {
    "mean_mcc": 0.6142145231530842,
    "size": 23
  },
  "00100  Steroid biosynthesis": {
    "mean_mcc": 0.8438381240718751,
    "size": 68
  },
  "00120  Primary bile acid biosynthesis": {
    "mean_mcc": 0.8489302256003489,
    "size": 55
  },
  "00121  Secondary bile acid biosynthesis": {
    "mean_mcc": 0.8496184733002622,
    "size": 36
  },
  "00130  Ubiquinone and other terpenoid-quinone biosynthesis": {
    "mean_mcc": 0.7202567520407568,
    "size": 91
  },
  "00140  Steroid hormone biosynthesis": {
    "mean_mcc": 0.8985746926606162,
    "size": 108
  },
  "00190  Oxidative phosphorylation": {
    "mean_mcc": 0.5561799510943538,
    "size": 14
  },
  "00195  Photosynthesis": {
    "mean_mcc": 0.5687909308210513,
    "size": 6
  },
  "00220  Arginine biosynthesis": {
    "mean_mcc": 0.7568809031535637,
    "size": 29
  },
  "00230  Purine metabolism": {
    "mean_mcc": 0.8532967940978587,
    "size": 121
  },
  "00232  Caffeine metabolism": {
    "mean_mcc": 0.8541798746855699,
    "size": 28
  },
  "00240  Pyrimidine metabolism": {
    "mean_mcc": 0.8113729465430264,
    "size": 90
  },
  "00250  Alanine, aspartate and glutamate metabolism": {
    "mean_mcc": 0.6216987663625865,
    "size": 51
  },
  "00253  Tetracycline biosynthesis": {
    "mean_mcc": 0.7919846416467212,
    "size": 46
  },
  "00254  Aflatoxin biosynthesis": {
    "mean_mcc": 0.9055626098952723,
    "size": 36
  },
  "00260  Glycine, serine and threonine metabolism": {
    "mean_mcc": 0.632184821848565,
    "size": 60
  },
  "00261  Monobactam biosynthesis": {
    "mean_mcc": 0.7165231174376001,
    "size": 49
  },
  "00270  Cysteine and methionine metabolism": {
    "mean_mcc": 0.6882694148003659,
    "size": 96
  },
  "00280  Valine, leucine and isoleucine degradation": {
    "mean_mcc": 0.6458800086230886,
    "size": 52
  },
  "00290  Valine, leucine and isoleucine biosynthesis": {
    "mean_mcc": 0.7687005955828103,
    "size": 29
  },
  "00300  Lysine biosynthesis": {
    "mean_mcc": 0.675042799256142,
    "size": 55
  },
  "00310  Lysine degradation": {
    "mean_mcc": 0.6013072452787593,
    "size": 70
  },
  "00311  Penicillin and cephalosporin biosynthesis": {
    "mean_mcc": 0.7169593911073643,
    "size": 31
  },
  "00330  Arginine and proline metabolism": {
    "mean_mcc": 0.624971876536468,
    "size": 77
  },
  "00331  Clavulanic acid biosynthesis": {
    "mean_mcc": 0.5018821415057869,
    "size": 17
  },
  "00332  Carbapenem biosynthesis": {
    "mean_mcc": 0.7562328936259142,
    "size": 45
  },
  "00333  Prodigiosin biosynthesis": {
    "mean_mcc": 0.7242515796302217,
    "size": 29
  },
  "00340  Histidine metabolism": {
    "mean_mcc": 0.7109610395634374,
    "size": 61
  },
  "00350  Tyrosine metabolism": {
    "mean_mcc": 0.7132958932262355,
    "size": 95
  },
  "00360  Phenylalanine metabolism": {
    "mean_mcc": 0.5784794345723245,
    "size": 61
  },
  "00361  Chlorocyclohexane and chlorobenzene degradation": {
    "mean_mcc": 0.784074944506343,
    "size": 91
  },
  "00362  Benzoate degradation": {
    "mean_mcc": 0.6105447143364771,
    "size": 97
  },
  "00363  Bisphenol degradation": {
    "mean_mcc": 0.869213773716127,
    "size": 29
  },
  "00364  Fluorobenzoate degradation": {
    "mean_mcc": 0.7277840822453637,
    "size": 40
  },
  "00365  Furfural degradation": {
    "mean_mcc": 0.6696526147960385,
    "size": 16
  },
  "00380  Tryptophan metabolism": {
    "mean_mcc": 0.7957896057720778,
    "size": 109
  },
  "00400  Phenylalanine, tyrosine and tryptophan biosynthesis": {
    "mean_mcc": 0.6432877086056763,
    "size": 56
  },
  "00401  Novobiocin biosynthesis": {
    "mean_mcc": 0.7470854287503794,
    "size": 37
  },
  "00402  Benzoxazinoid biosynthesis": {
    "mean_mcc": 0.7176017065480428,
    "size": 16
  },
  "00403  Indole diterpene alkaloid biosynthesis": {
    "mean_mcc": 0.8302009318289574,
    "size": 38
  },
  "00404  Staurosporine biosynthesis": {
    "mean_mcc": 0.8191649844663784,
    "size": 64
  },
  "00405  Phenazine biosynthesis": {
    "mean_mcc": 0.6381257912091947,
    "size": 41
  },
  "00410  beta-Alanine metabolism": {
    "mean_mcc": 0.7087123261934692,
    "size": 45
  },
  "00430  Taurine and hypotaurine metabolism": {
    "mean_mcc": 0.7607651217055731,
    "size": 30
  },
  "00440  Phosphonate and phosphinate metabolism": {
    "mean_mcc": 0.7966198293069848,
    "size": 68
  },
  "00450  Selenocompound metabolism": {
    "mean_mcc": 0.6830059208336805,
    "size": 31
  },
  "00460  Cyanoamino acid metabolism": {
    "mean_mcc": 0.6116918933903411,
    "size": 50
  },
  "00470  D-Amino acid metabolism": {
    "mean_mcc": 0.6598403086147241,
    "size": 79
  },
  "00480  Glutathione metabolism": {
    "mean_mcc": 0.5799322025862936,
    "size": 53
  },
  "00500  Starch and sucrose metabolism": {
    "mean_mcc": 0.6392912010311815,
    "size": 54
  },
  "00510  N-Glycan biosynthesis": {
    "mean_mcc": 0.7291468418447761,
    "size": 26
  },
  "00512  Mucin type O-glycan biosynthesis": {
    "mean_mcc": -0.00027401531865905315,
    "size": 3
  },
  "00513  Various types of N-glycan biosynthesis": {
    "mean_mcc": 0.027205888688917757,
    "size": 4
  },
  "00514  Other types of O-glycan biosynthesis": {
    "mean_mcc": 0.4525634034550173,
    "size": 6
  },
  "00515  Mannose type O-glycan biosynthesis": {
    "mean_mcc": 0.39863663629348106,
    "size": 6
  },
  "00520  Amino sugar and nucleotide sugar metabolism": {
    "mean_mcc": 0.7401919779086578,
    "size": 137
  },
  "00521  Streptomycin biosynthesis": {
    "mean_mcc": 0.7195865469126921,
    "size": 39
  },
  "00522  Biosynthesis of 12-, 14- and 16-membered macrolides": {
    "mean_mcc": 0.8777338297470095,
    "size": 95
  },
  "00523  Polyketide sugar unit biosynthesis": {
    "mean_mcc": 0.8319233194762347,
    "size": 73
  },
  "00524  Neomycin, kanamycin and gentamicin biosynthesis": {
    "mean_mcc": 0.8811058059278496,
    "size": 103
  },
  "00525  Acarbose and validamycin biosynthesis": {
    "mean_mcc": 0.8125023355285471,
    "size": 52
  },
  "00531  Glycosaminoglycan degradation": {
    "mean_mcc": 0.1117813630720042,
    "size": 13
  },
  "00532  Glycosaminoglycan biosynthesis - chondroitin sulfate / dermatan sulfate": {
    "mean_mcc": 0.6764558122534925,
    "size": 4
  },
  "00534  Glycosaminoglycan biosynthesis - heparan sulfate / heparin": {
    "mean_mcc": 0.49601170570954106,
    "size": 2
  },
  "00540  Lipopolysaccharide biosynthesis": {
    "mean_mcc": 0.7119255155083731,
    "size": 71
  },
  "00541  O-Antigen nucleotide sugar biosynthesis": {
    "mean_mcc": 0.8140831474534966,
    "size": 110
  },
  "00550  Peptidoglycan biosynthesis": {
    "mean_mcc": 0.7096009771486461,
    "size": 41
  },
  "00552  Teichoic acid biosynthesis": {
    "mean_mcc": 0.6129455314284875,
    "size": 40
  },
  "00561  Glycerolipid metabolism": {
    "mean_mcc": 0.7288252640151514,
    "size": 50
  },